{
  "mean": {
    "hr_mean": 65.12563106477839,
    "hr_std": 1.513926987661946,
    "hr_min": 63.43720495672699,
    "hr_max": 67.00958890637294,
    "hr_rmssd": 1.4892378584536479,
    "motion_x_std": 0.011297064378763003,
    "motion_x_range": 0.028338131864673488,
    "motion_y_std": 0.017322627481810016,
    "motion_y_range": 0.043143853461841075,
    "motion_z_std": 0.015890349764128103,
    "motion_z_range": 0.03876180793666405,
    "hr_mean_lag_1": 65.04655127196433,
    "hr_std_lag_1": 1.512443345833983,
    "motion_x_std_lag_1": 0.011227164037724146,
    "motion_y_std_lag_1": 0.017278875629598955,
    "motion_z_std_lag_1": 0.015851948102534104,
    "hr_mean_lag_2": 64.96801239181748,
    "hr_std_lag_2": 1.510484539542625,
    "motion_x_std_lag_2": 0.01122058489738042,
    "motion_y_std_lag_2": 0.017273933470647696,
    "motion_z_std_lag_2": 0.015848327562394314,
    "hr_mean_lag_3": 64.88921125098348,
    "hr_std_lag_3": 1.508884326415798,
    "motion_x_std_lag_3": 0.0112036926137773,
    "motion_y_std_lag_3": 0.017229409115152295,
    "motion_z_std_lag_3": 0.015839889730852524,
    "hr_mean_lag_4": 64.80930369787569,
    "hr_std_lag_4": 1.5063951468337933,
    "motion_x_std_lag_4": 0.011189899783396242,
    "motion_y_std_lag_4": 0.017184116764625453,
    "motion_z_std_lag_4": 0.01582287055408038,
    "hr_mean_rolling_mean_5min": 64.32949777078416,
    "hr_mean_rolling_std_5min": 2.21206829282271,
    "hr_std_rolling_mean_5min": 1.493386521143208,
    "hr_std_rolling_std_5min": 1.220352355302329,
    "time_since_sleep_onset": 0.5012785208497246
  },
  "std": {
    "hr_mean": 10.123146495849683,
    "hr_std": 1.9143623255508635,
    "hr_min": 9.76358305167073,
    "hr_max": 10.921786741594945,
    "hr_rmssd": 1.840885031869168,
    "motion_x_std": 0.05169314835432296,
    "motion_x_range": 0.12827108184444572,
    "motion_y_std": 0.07213360612995855,
    "motion_y_range": 0.17813937881678918,
    "motion_z_std": 0.07619974916094666,
    "motion_z_range": 0.18037038934691432,
    "hr_mean_lag_1": 10.361588492851812,
    "hr_std_lag_1": 1.9147340343195858,
    "motion_x_std_lag_1": 0.05136843756948678,
    "motion_y_std_lag_1": 0.07207771937424733,
    "motion_z_std_lag_1": 0.07611401532248191,
    "hr_mean_lag_2": 10.594675245590722,
    "hr_std_lag_2": 1.914778330770703,
    "motion_x_std_lag_2": 0.051366428198198436,
    "motion_y_std_lag_2": 0.07207855444229605,
    "motion_z_std_lag_2": 0.07611451194822459,
    "hr_mean_lag_3": 10.822110731499706,
    "hr_std_lag_3": 1.915026015235791,
    "motion_x_std_lag_3": 0.05132733142395379,
    "motion_y_std_lag_3": 0.07186696437687656,
    "motion_z_std_lag_3": 0.07611106068684864,
    "hr_mean_lag_4": 11.044293502496329,
    "hr_std_lag_4": 1.9131655106315235,
    "motion_x_std_lag_4": 0.051320449307195204,
    "motion_y_std_lag_4": 0.07179793450993734,
    "motion_z_std_lag_4": 0.0760982587528499,
    "hr_mean_rolling_mean_5min": 11.871068782319497,
    "hr_mean_rolling_std_5min": 2.1923457248246954,
    "hr_std_rolling_mean_5min": 0.939436048818706,
    "hr_std_rolling_std_5min": 1.1313926739168596,
    "time_since_sleep_onset": 3.4351197274041376
  },
  "features": [
    "hr_mean",
    "hr_std",
    "hr_min",
    "hr_max",
    "hr_rmssd",
    "motion_x_std",
    "motion_x_range",
    "motion_y_std",
    "motion_y_range",
    "motion_z_std",
    "motion_z_range",
    "hr_mean_lag_1",
    "hr_std_lag_1",
    "motion_x_std_lag_1",
    "motion_y_std_lag_1",
    "motion_z_std_lag_1",
    "hr_mean_lag_2",
    "hr_std_lag_2",
    "motion_x_std_lag_2",
    "motion_y_std_lag_2",
    "motion_z_std_lag_2",
    "hr_mean_lag_3",
    "hr_std_lag_3",
    "motion_x_std_lag_3",
    "motion_y_std_lag_3",
    "motion_z_std_lag_3",
    "hr_mean_lag_4",
    "hr_std_lag_4",
    "motion_x_std_lag_4",
    "motion_y_std_lag_4",
    "motion_z_std_lag_4",
    "hr_mean_rolling_mean_5min",
    "hr_mean_rolling_std_5min",
    "hr_std_rolling_mean_5min",
    "hr_std_rolling_std_5min",
    "time_since_sleep_onset"
  ],
  "num_features": 36,
  "num_classes": 4,
  "class_labels": [
    "Wake",
    "Light",
    "Deep",
    "REM"
  ]
}